back_x,back_y,back_z,thigh_x,thigh_y,thigh_z,label
6461328.0,6461328.0,6461328.0,6461328.0,6461328.0,6461328.0,6461328.0
-0.8849574489913098,-0.013261280687190423,-0.16937788440081872,-0.5948882573982045,0.020876654503996214,0.3749159667513653,6.783832518640131
0.3775915968751469,0.2311708801303852,0.3647384580624023,0.6263466241591772,0.38845105534083285,0.7360983008319538,11.432380860329639
-8.0,-4.307617,-6.5744630000000015,-8.0,-7.997314,-8.0,1.0
-1.0023926510994496,-0.08312913905547076,-0.3720699999999999,-0.974211043308384,-0.10008726777612689,-0.15571384620217144,3.0
-0.9748997732992524,0.0025936773192272,-0.137451,-0.42173088288822236,0.03262909249948795,0.700439,7.0
-0.812303219117964,0.07251,0.04647321384973435,-0.1678755065189267,0.15495124677469424,0.9486746809011292,7.0
2.2917083771608384,6.491943,4.909483414685421,7.999756,7.999756,8.406235,140.0
